URL,Last crawled
https://www.obscureholidaycalendar.com/sitemaps/sitemap-2025-05.xml,2026-01-02
https://www.obscureholidaycalendar.com/sitemaps/sitemap-2025-01.xml,2025-12-28
https://www.obscureholidaycalendar.com/sitemaps/sitemap-2025-10.xml,2025-12-27
https://www.obscureholidaycalendar.com/sitemap.xml,2025-12-24
https://www.obscureholidaycalendar.com/holiday/international-birdhouse-day/,2025-12-23
https://www.obscureholidaycalendar.com/holiday/national-tug-of-war-day/,2025-12-18
https://www.obscureholidaycalendar.com/favicon.ico,2025-12-18
https://www.obscureholidaycalendar.com/sitemaps/sitemap-2025-06.xml,2025-12-03
https://www.obscureholidaycalendar.com/sitemaps/sitemap-2025-12.xml,2025-12-03
https://www.obscureholidaycalendar.com/sitemap-index.xml,2025-12-02
https://www.obscureholidaycalendar.com/holiday/pencil-day/,2025-11-25
https://www.obscureholidaycalendar.com/holiday/spumoni-day/,2025-11-25
https://www.obscureholidaycalendar.com/holiday/argyle-day/,2025-11-25
https://www.obscureholidaycalendar.com/holiday/national-creamsicle-day/,2025-11-25
https://www.obscureholidaycalendar.com/holiday/national-hamburger-day/,2025-11-25
https://www.obscureholidaycalendar.com/holiday/national-junk-food-day/,2025-11-25
https://www.obscureholidaycalendar.com/holiday/national-bobblehead-day/,2025-11-25
https://www.obscureholidaycalendar.com/holiday/national-science-fiction-day/,2025-11-25
https://www.obscureholidaycalendar.com/holiday/national-it-professionals-day/,2025-11-25
https://www.obscureholidaycalendar.com/holiday/national-yo-yo-day/,2025-11-25
https://www.obscureholidaycalendar.com/holiday/bubble-tea-day/,2025-11-25