URL,Last crawled
https://www.obscureholidaycalendar.com/holiday,2025-12-08
https://www.obscureholidaycalendar.com/holiday/make-a-gift-day,2025-11-30
https://www.obscureholidaycalendar.com/holiday/eat-a-red-apple-day,2025-11-30
https://www.obscureholidaycalendar.com/holiday/national-roof-over-your-head-day,2025-11-30
https://www.obscureholidaycalendar.com/holiday/special-education-day,2025-11-30
https://www.obscureholidaycalendar.com/holiday/antarctica-day,2025-11-30
https://www.obscureholidaycalendar.com/holiday/national-mutt-day,2025-11-30
https://www.obscureholidaycalendar.com/holiday/national-french-toast-day,2025-11-28
https://www.obscureholidaycalendar.com/holiday/square-dance-day,2025-11-28
https://www.obscureholidaycalendar.com/holiday/electronic-greetings-day,2025-11-28
https://www.obscureholidaycalendar.com/holiday/red-planet-day,2025-11-28
https://www.obscureholidaycalendar.com/holiday/national-parfait-day,2025-11-25
https://www.obscureholidaycalendar.com/holiday/saint-catherines-day,2025-11-25