URL,Last crawled
https://www.obscureholidaycalendar.com/holiday/peanut-cluster-day/,2025-12-26
https://www.obscureholidaycalendar.com/holiday/national-mulled-wine-day,2025-12-25
https://www.obscureholidaycalendar.com/holiday/national-hot-toddy-day,2025-12-20
https://www.obscureholidaycalendar.com/holiday/eat-brussels-sprouts-day,2025-12-13
https://www.obscureholidaycalendar.com/holiday/bean-day/,2025-12-12
https://www.obscureholidaycalendar.com/holiday/dj-day/,2025-12-12
https://www.obscureholidaycalendar.com/holiday/sangria-day/,2025-12-12
https://www.obscureholidaycalendar.com/holiday/play-god-day/,2025-12-12
https://www.obscureholidaycalendar.com/holiday/national-blonde-brownie-day/,2025-12-12
https://www.obscureholidaycalendar.com/holiday/humanlight/,2025-12-12
https://www.obscureholidaycalendar.com/holiday/national-peanut-brittle-day/,2025-12-12
https://www.obscureholidaycalendar.com/holiday/pins-and-needles-day/,2025-12-11
https://www.obscureholidaycalendar.com/holiday/national-kazoo-day/,2025-12-11
https://www.obscureholidaycalendar.com/holiday/ugly-sweater-day/,2025-12-11
https://www.obscureholidaycalendar.com/holiday/national-whiners-day/,2025-12-11
https://www.obscureholidaycalendar.com/holiday/falling-needles-family-festivity-day/,2025-12-11
https://www.obscureholidaycalendar.com/holiday/repeal-of-prohibition-day/,2025-12-11
https://www.obscureholidaycalendar.com/holiday/national-ninja-day/,2025-12-11
https://www.obscureholidaycalendar.com/holiday/dewey-decimal-system-day/,2025-12-10
https://www.obscureholidaycalendar.com/holiday/i-m-not-going-to-take-it-anymore-day/,2025-12-10
https://www.obscureholidaycalendar.com/holiday/oatmeal-muffin-day/,2025-12-10
https://www.obscureholidaycalendar.com/holiday/unlucky-day/,2025-12-10
https://www.obscureholidaycalendar.com/holiday/festival-of-sleep-day/,2025-12-10
https://www.obscureholidaycalendar.com/holiday/talk-like-a-pirate-day/,2025-12-10
https://www.obscureholidaycalendar.com/holiday/look-for-an-evergreen-day/,2025-12-09
https://www.obscureholidaycalendar.com/holiday/national-apple-pie-day/,2025-12-09
https://www.obscureholidaycalendar.com/holiday/cat-herders-day/,2025-12-09
https://www.obscureholidaycalendar.com/holiday/national-cr-me-de-menthe-day/,2025-12-09
https://www.obscureholidaycalendar.com/holiday/s-mores-day/,2025-12-09
https://www.obscureholidaycalendar.com/holiday/saint-catherine-s-day/,2025-12-09
https://www.obscureholidaycalendar.com/holiday/thanksgiving/,2025-12-09
https://www.obscureholidaycalendar.com/holiday/short-film-day/,2025-12-09
https://www.obscureholidaycalendar.com/holiday/superman-s-birthday/,2025-12-08
https://www.obscureholidaycalendar.com/holiday/national-fruitcake-day/,2025-12-08
https://www.obscureholidaycalendar.com/holiday/national-peach-ice-cream-day/,2025-12-08
https://www.obscureholidaycalendar.com/holiday/microwave-oven-day/,2025-12-07
https://www.obscureholidaycalendar.com/holiday/new-year-s-eve/,2025-12-07
https://www.obscureholidaycalendar.com/holiday/national-cr-me-br-l-e-day/,2025-12-07
https://www.obscureholidaycalendar.com/holiday/national-pi-a-colada-day/,2025-12-06
https://www.obscureholidaycalendar.com/holiday/saint-cecilia-s-day/,2025-12-01
https://www.obscureholidaycalendar.com/holiday/st-patrick-s-day/,2025-11-29
https://www.obscureholidaycalendar.com/holiday/rat-catcher-s-day/,2025-11-29
https://www.obscureholidaycalendar.com/holiday/clich-day/,2025-11-28
https://www.obscureholidaycalendar.com/holiday/new-beer-s-eve/,2025-11-28
https://www.obscureholidaycalendar.com/holiday/national-let-s-laugh-day/,2025-11-28
https://www.obscureholidaycalendar.com/holiday/stay-home-because-you-re-well-day/,2025-11-28
https://www.obscureholidaycalendar.com/holiday/brother-s-day/,2025-11-28
https://www.obscureholidaycalendar.com/holiday/middle-child-s-day/,2025-11-28
https://www.obscureholidaycalendar.com/holiday/galentine-s-day/,2025-11-28
https://www.obscureholidaycalendar.com/holiday/national-author-s-day/,2025-11-28
https://www.obscureholidaycalendar.com/holiday/lover-s-day/,2025-11-28
https://www.obscureholidaycalendar.com/holiday/national-m-m-day/,2025-11-28
https://www.obscureholidaycalendar.com/holiday/the-duchess-who-wasn-t-day/,2025-11-28
https://www.obscureholidaycalendar.com/holiday/ditch-new-year-s-resolutions-day/,2025-11-28
https://www.obscureholidaycalendar.com/holiday/national-peanut-butter-lover-s-day/,2025-11-28
https://www.obscureholidaycalendar.com/holiday/plush-animal-lover-s-day/,2025-11-28
https://www.obscureholidaycalendar.com/holiday/it-s-my-party-day/,2025-11-28
https://www.obscureholidaycalendar.com/holiday/national-golf-lover-s-day/,2025-11-28