URL,Last crawled
http://obscureholidaycalendar.com/,2026-01-02
http://www.obscureholidaycalendar.com/,2026-01-02
https://www.obscureholidaycalendar.com/holiday/world-plant-a-vegetable-garden-day,2026-01-02
https://www.obscureholidaycalendar.com/holiday/look-up-at-the-sky-day,2026-01-02
https://www.obscureholidaycalendar.com/holiday/coconut-cream-pie-day,2025-12-31
https://www.obscureholidaycalendar.com/holiday/national-chocolate-pecan-pie-day,2025-12-31
https://www.obscureholidaycalendar.com/holiday/stay-home-because-youre-well-day,2025-12-31
https://www.obscureholidaycalendar.com/holiday/plant-a-flower-day,2025-12-31
https://www.obscureholidaycalendar.com/holiday/opposite-day,2025-12-28
https://www.obscureholidaycalendar.com/holiday/national-beach-day,2025-12-26
https://www.obscureholidaycalendar.com/holiday/coloring-book-day,2025-12-25
https://www.obscureholidaycalendar.com/holiday/national-ootd-day,2025-12-25
https://obscureholidaycalendar.com/,2025-12-22
https://www.obscureholidaycalendar.com/holiday/gingerbread-house-day,2025-12-21
https://www.obscureholidaycalendar.com/holiday/national-homemade-cookies-day,2025-12-20
https://www.obscureholidaycalendar.com/holiday/national-mario-day,2025-12-20
https://www.obscureholidaycalendar.com/holiday/world-nutella-day,2025-12-20
https://www.obscureholidaycalendar.com/holiday/national-avocado-day,2025-12-20
https://www.obscureholidaycalendar.com/holiday/draw-a-picture-of-a-bird-day,2025-12-20
https://www.obscureholidaycalendar.com/holiday/plush-animal-lovers-day,2025-12-19
https://www.obscureholidaycalendar.com/holiday/national-wine-and-cheese-day,2025-12-18
https://www.obscureholidaycalendar.com/holiday/national-strawberry-rhubarb-pie-day,2025-12-18
https://www.obscureholidaycalendar.com/holiday/learn-your-name-in-morse-code-day,2025-12-18
https://www.obscureholidaycalendar.com/holiday/national-ugly-sweater-day,2025-12-17
https://www.obscureholidaycalendar.com/holiday/national-hammock-day,2025-12-16
https://www.obscureholidaycalendar.com/holiday/national-corn-fritters-day,2025-12-16
https://www.obscureholidaycalendar.com/holiday/mickey-mouse-day,2025-12-14
https://www.obscureholidaycalendar.com/holiday/eat-an-extra-dessert-day,2025-12-14
https://www.obscureholidaycalendar.com/holiday/give-something-away-day,2025-12-13
https://www.obscureholidaycalendar.com/holiday/have-a-bad-day-day,2025-12-10
https://www.obscureholidaycalendar.com/holiday/national-drink-wine-day,2025-12-07
https://www.obscureholidaycalendar.com/holiday/no-socks-day,2025-12-07
https://www.obscureholidaycalendar.com/holiday/waffle-day,2025-12-07
https://www.obscureholidaycalendar.com/holiday/no-interruptions-day,2025-12-06
https://www.obscureholidaycalendar.com/holiday/rain-day,2025-12-06
https://www.obscureholidaycalendar.com/holiday/world-goth-day,2025-12-06
https://www.obscureholidaycalendar.com/holiday/international-civil-aviation-day,2025-11-29
https://www.obscureholidaycalendar.com/holiday/leap-day,2025-11-29
https://www.obscureholidaycalendar.com/holiday/morse-code-day,2025-11-28
https://www.obscureholidaycalendar.com/holiday/national-corned-beef-hash-day,2025-11-27
https://www.obscureholidaycalendar.com/holiday/handwriting-day,2025-11-27
https://www.obscureholidaycalendar.com/holiday/middle-childs-day,2025-11-27
https://www.obscureholidaycalendar.com/holiday/jewel-day,2025-11-27
https://www.obscureholidaycalendar.com/holiday/national-sugar-cookie-day,2025-11-26
https://www.obscureholidaycalendar.com/holiday/crayola-crayon-day,2025-11-26
https://www.obscureholidaycalendar.com/holiday/make-a-hat-day,2025-11-26
https://www.obscureholidaycalendar.com/holiday/national-buffet-day,2025-11-26
https://www.obscureholidaycalendar.com/holiday/national-chocolate-pudding-day,2025-11-26
https://www.obscureholidaycalendar.com/holiday/national-raspberry-bombe-day,2025-11-26
https://www.obscureholidaycalendar.com/holiday/pretend-to-be-a-time-traveler-day,2025-11-26
https://www.obscureholidaycalendar.com/holiday/chewing-gum-day,2025-11-25
https://www.obscureholidaycalendar.com/holiday/national-corn-on-the-cob-day,2025-11-25
https://www.obscureholidaycalendar.com/holiday/national-milk-chocolate-day,2025-11-25
https://www.obscureholidaycalendar.com/holiday/take-your-houseplant-for-a-walk-day,2025-11-25
https://www.obscureholidaycalendar.com/holiday/national-tv-dinner-day,2025-11-25
https://www.obscureholidaycalendar.com/holiday/make-life-beautiful-day,2025-11-25
https://www.obscureholidaycalendar.com/holiday/national-rotisserie-chicken-day,2025-11-25
https://www.obscureholidaycalendar.com/holiday/national-bacon-day,2025-11-25
https://www.obscureholidaycalendar.com/holiday/pig-in-a-blanket-day,2025-11-25
https://www.obscureholidaycalendar.com/holiday/brothers-day,2025-11-25
https://www.obscureholidaycalendar.com/holiday/national-croissant-day,2025-11-25
https://www.obscureholidaycalendar.com/holiday/roast-leg-of-lamb-day,2025-11-25
https://www.obscureholidaycalendar.com/holiday/pecan-pie-day,2025-11-25
https://www.obscureholidaycalendar.com/holiday/day-of-the-mushroom,2025-11-25
https://www.obscureholidaycalendar.com/holiday/common-sense-day,2025-11-25
https://www.obscureholidaycalendar.com/holiday/dictionary-day,2025-11-25
https://www.obscureholidaycalendar.com/holiday/national-siblings-day,2025-11-25
https://www.obscureholidaycalendar.com/holiday/national-pumpkin-pie-day,2025-11-25
https://www.obscureholidaycalendar.com/holiday/chocolate-milkshake-day,2025-11-25
https://www.obscureholidaycalendar.com/holiday/national-greasy-foods-day,2025-11-25
https://www.obscureholidaycalendar.com/holiday/national-aunt-and-uncle-day,2025-11-25
https://www.obscureholidaycalendar.com/holiday/national-black-cat-day,2025-11-25
https://www.obscureholidaycalendar.com/holiday/the-duchess-who-wasnt-day,2025-11-25
https://www.obscureholidaycalendar.com/holiday/national-bavarian-cream-pie-day,2025-11-25
https://www.obscureholidaycalendar.com/holiday/corn-chip-day,2025-11-25
https://www.obscureholidaycalendar.com/holiday/seafood-bisque-day,2025-11-25
https://www.obscureholidaycalendar.com/holiday/national-cubicle-day,2025-11-25