Top queries,Clicks,Impressions,CTR,Position
national roof over your head day,2,96,2.08%,12.35
national bouillabaisse day,2,23,8.7%,14.91
obscure holiday calendar,2,17,11.76%,18.65
barbie and barney backlash day,1,109,0.92%,9.89
put on your own shoes day,1,47,2.13%,10.38
obscure holiday,1,39,2.56%,10.95
stay at home because you are well day,1,7,14.29%,11.29
national mousse day,1,7,14.29%,40.86
obscure holidays calendar,1,2,50%,16
weird daily holidays,1,1,100%,3
time traveler day,1,1,100%,43
national poinsettia day,1,1,100%,197
national nothing day,0,3986,0%,10.46
when is national nothing day,0,171,0%,10.35
national nothing day 2025,0,164,0%,12.26
celebration of life day,0,143,0%,10.5
stay home because you're well day,0,85,0%,10.52
obscure holidays,0,71,0%,18.32
national ding a ling day,0,68,0%,20.04
national ootd day,0,56,0%,12.61
national ding-a-ling day,0,38,0%,11.39
ding a ling day,0,33,0%,8.67
thesaurus day,0,28,0%,27.96
national.nothing day,0,26,0%,10.62
electronic greetings day,0,25,0%,11.28
safety razor day,0,25,0%,11.72
what is national nothing day,0,23,0%,9.65
national barbie and barney backlash day,0,21,0%,10.43
national nothing day date,0,21,0%,11
world ufo day,0,17,0%,50.06
when technology holiday,0,16,0%,9.5
national fdy day meaning fashion industry,0,16,0%,27.88
national sister day,0,16,0%,65.75
ootd holiday,0,15,0%,9
national cookie exchange day,0,15,0%,14.2
falling needles family fest day,0,14,0%,9.86
slack add holidays,0,14,0%,40
muffin day,0,14,0%,57.14
nothing national day,0,13,0%,10.15
festival for the souls of dead whales,0,13,0%,10.92
national day of nothing,0,13,0%,11.69
wear brown shoes day,0,13,0%,15.62
national chocolate covered anything day,0,13,0%,59.85
go caroling day tradition reasons,0,12,0%,9.58
roof over your head day,0,12,0%,11.5
national hard candy day,0,12,0%,18.5
obscure holidays today,0,12,0%,20.75
when is sisters day,0,12,0%,75.67
national nothing dat,0,11,0%,10.36
belly laugh day,0,11,0%,47.45
national bacon day,0,11,0%,70.82
when is national ootd day,0,10,0%,11.8
national sisters day,0,10,0%,62.5
when is opposite day,0,10,0%,66.5
national cbd day,0,10,0%,88.7
national technology day january 6,0,9,0%,8.78
holiday bot,0,9,0%,9.22
what is national ding a ling day,0,9,0%,9.22
be nasty day,0,9,0%,11.11
natuonal nothing day,0,9,0%,11.11
appreciate a dragon day,0,9,0%,17.11
what day is opposite day,0,9,0%,61.67
international lego day,0,9,0%,70.78
barbie and barney backlash,0,8,0%,8.12
ding-a-ling day,0,8,0%,9.5
national alien abduction day,0,8,0%,10.62
ootd day,0,8,0%,12.38
worship of tools day,0,8,0%,38.12
aunt day,0,8,0%,54.38
when is national sister day,0,8,0%,66.75
scrabble day,0,8,0%,70.62
gingerbread day,0,8,0%,71.62
st catherine's day,0,8,0%,73
national nothing fay,0,7,0%,10.43
wikipedia day january 15,0,7,0%,11.43
national ootd,0,7,0%,12.57
international day of awesomeness,0,7,0%,12.86
take your houseplant for a walk day,0,7,0%,15.71
roast chestnuts day,0,7,0%,16.71
national card playing day,0,7,0%,21.14
pretend to be a time traveler day,0,7,0%,43.86
world sleep day facts,0,7,0%,57
national jelly bean day,0,7,0%,68.86
national pharmacist day,0,7,0%,88
national aunt day,0,7,0%,88.57
st nicholas day,0,7,0%,95.86
national nothing day january 16,0,6,0%,10.67
bell day,0,6,0%,11.17
national duck day 2025,0,6,0%,11.33
dingaling day,0,6,0%,13.67
national tempura day,0,6,0%,14.5
national cbd day 2026,0,6,0%,17
blah blah blah day,0,6,0%,23
national whipped cream day,0,6,0%,26.5
eat a red apple day,0,6,0%,28.17
national llama day,0,6,0%,32.67
national pig day,0,6,0%,32.83
let it go day,0,6,0%,42.83
cuddle up day,0,6,0%,45.83
good samaritan day,0,6,0%,46.83
national rotisserie chicken day,0,6,0%,47.33
aunty day,0,6,0%,48.33
when is national sisters day,0,6,0%,64.5
national cupcake day,0,6,0%,65.33
nothing day,0,6,0%,66.83
card playing day,0,6,0%,68.33
pastry day,0,6,0%,78.33
trampoline date meaning,0,5,0%,3.8
when is national roof over your head day,0,5,0%,8.8
natinal nothing day,0,5,0%,9.2
national trampoline day,0,5,0%,9.4
when is ootd day,0,5,0%,9.8
national mothing day,0,5,0%,10
international rubber duck day,0,5,0%,10.6
national nothing,0,5,0%,10.6
organize your home day,0,5,0%,11.6
cinco de marcho,0,5,0%,13.2
hard candy day,0,5,0%,26.8
national corn on the cob day,0,5,0%,35.4
what is ootd day,0,5,0%,38.8
popeye birthday,0,5,0%,39
world ufo day 2025,0,5,0%,54.2
national chocolate-covered anything day,0,5,0%,60.2
uncle day,0,5,0%,62
july 11 holiday,0,5,0%,65.4
national gingerbread day,0,5,0%,79.6
national world sleep day,0,5,0%,89.6
international potato chip day,0,4,0%,8.5
what day is national nothing day,0,4,0%,10
ootd day holiday,0,4,0%,10.25
january 16 national nothing day,0,4,0%,12
punch the clock day,0,4,0%,12
when is popeyes birthday,0,4,0%,12
count your buttons day,0,4,0%,16.75
barney and barbie backlash day,0,4,0%,18.5
national apple turnover day,0,4,0%,26.75
go caroling day,0,4,0%,30.25
national lego day,0,4,0%,39
national cabbage day,0,4,0%,41.5
national do nothing day,0,4,0%,45.25
aunty and uncle day,0,4,0%,46
national bobblehead day,0,4,0%,48
independence day of lithuania,0,4,0%,48.5
national science fiction day,0,4,0%,49.5
drink beer day,0,4,0%,51.75
national weed appreciation day,0,4,0%,55.5
when is national girlfriend day,0,4,0%,56
national hydration day,0,4,0%,60.75
when is national bacon day,0,4,0%,61
when national sisters day,0,4,0%,62.5
rubber duck day,0,4,0%,62.75
potato chip day,0,4,0%,63.25
gingerbread house day,0,4,0%,65.5
national animal cracker day,0,4,0%,67.5
tell a fairy tale day,0,4,0%,69.75
national maple syrup day,0,4,0%,75.25
national uncle day,0,4,0%,76.5
is today sisters day,0,4,0%,79.75
national potato chip day,0,4,0%,81.75
when is national pharmacist day,0,4,0%,82.25
tell a fairy tale day 2025,0,4,0%,93.5
international chips day,0,3,0%,6.33
read in the bathtub day,0,3,0%,8.67
national chopsticks day,0,3,0%,9.67
tell the truth day,0,3,0%,9.67
celebration of life day 2025,0,3,0%,10
international ninja day,0,3,0%,10.33
according to hoyle day,0,3,0%,10.67
national notjing day,0,3,0%,11
stay home because you are well day,0,3,0%,11
unknown holidays,0,3,0%,12
put on your shoes day,0,3,0%,12.33
world chips day,0,3,0%,13
learn what your name means day,0,3,0%,15.33
name holidays,0,3,0%,23.67
national pizza with the works except anchovies day,0,3,0%,25.33
discover what your name means day,0,3,0%,26.67
dragon appreciation day,0,3,0%,29
national peanut cluster day,0,3,0%,29.33
national hangover day,0,3,0%,31.67
alexander graham bell day,0,3,0%,34.33
national cuddle up day,0,3,0%,43.67
national fritters day,0,3,0%,43.67
math holidays,0,3,0%,49.33
national drink beer day,0,3,0%,50.67
lithuanian independence day,0,3,0%,52.33
ufo day,0,3,0%,52.67
when is national brownie day,0,3,0%,53.33
national eat your vegetables day,0,3,0%,55
aunts day,0,3,0%,58.33
national aunt and uncle day,0,3,0%,59.33
national thesaurus day,0,3,0%,59.33
national duck day,0,3,0%,61
noodle ring day,0,3,0%,62.33
national candy cane day,0,3,0%,63.33
dress your pet day,0,3,0%,64
national obscure holidays,0,3,0%,64.33
peanut butter cookie day,0,3,0%,64.67
when is uncle day,0,3,0%,65
when is national frozen yogurt day,0,3,0%,65.67
national fritter day,0,3,0%,66
sadie hawkins day,0,3,0%,71
rubber ducky day,0,3,0%,71.33
is there a sister day,0,3,0%,72.67
odd shoes day,0,3,0%,73.67
when is sister day,0,3,0%,78
aunt and uncle day,0,3,0%,82
national uncles day,0,3,0%,83
cabbage day,0,3,0%,85.67
when is bacon day,0,3,0%,90.33
national aunts day,0,3,0%,90.67
saint nicholas day,0,3,0%,90.67
national bavarian cream pie day 2025,0,3,0%,91.33
national eat an extra dessert day,0,3,0%,92.67
national potato chip day 2025,0,3,0%,92.67
national chocolate covered nut day,0,3,0%,93
when is it opposite day,0,3,0%,93.67
weird holidays today,0,3,0%,94.33
sister day date,0,3,0%,96
slack vacation calendar,0,3,0%,97
is it world sleep day today,0,3,0%,100
international chip day,0,2,0%,6.5
barbie & barney backlash day,0,2,0%,8
national pierce your ears day,0,2,0%,8
ootd date,0,2,0%,8
everything you do is right day,0,2,0%,8.5
every day holidays,0,2,0%,9.5
plimsoll day,0,2,0%,9.5
inspire your heart with art day,0,2,0%,10
national pluto day,0,2,0%,10
barney backlash day,0,2,0%,10.5
what is national roof over your head day,0,2,0%,10.5
when is national tech day,0,2,0%,10.5
when is national whipped cream day,0,2,0%,10.5
whens national nothing day,0,2,0%,10.5
national crossword day,0,2,0%,11
national dingaling day,0,2,0%,11
national marzipan day,0,2,0%,11
national rubber ducky day 2025,0,2,0%,11
what is national ootd day,0,2,0%,11
when is national hangover day,0,2,0%,11
march forth meaning,0,2,0%,11.5
celebration of life date,0,2,0%,12
measure your feet day,0,2,0%,12
rubber ducky day 2025,0,2,0%,12.5
national barbie day,0,2,0%,13
push button phone day,0,2,0%,13
pandemonium day,0,2,0%,13.5
awesomeness day,0,2,0%,14.5
when is national soup day,0,2,0%,17.5
yodel for your neighbors day,0,2,0%,17.5
barbie and barbie backlash day,0,2,0%,24
stick out your tongue day,0,2,0%,24.5
national mulled wine day,0,2,0%,27.5
international duck day,0,2,0%,29
day of awesomeness,0,2,0%,31
lithuania's independence day,0,2,0%,35.5
national moonshine day,0,2,0%,37
national clam chowder day,0,2,0%,41.5
eat an extra dessert day,0,2,0%,42.5
national tater day,0,2,0%,42.5
national static electricity day,0,2,0%,44.5
gingerbread cookie day,0,2,0%,45
national dragon day,0,2,0%,45.5
science fiction day,0,2,0%,45.5
national pumpkin cheesecake day,0,2,0%,50.5
when is it national girlfriend day,0,2,0%,51
national compliment day,0,2,0%,52
national noodle ring day,0,2,0%,53
obscure holiday today,0,2,0%,53
when is aunt day,0,2,0%,53
sugar cookie day,0,2,0%,54
bologna day,0,2,0%,54.5
when aunt day,0,2,0%,54.5
mad hatter day,0,2,0%,56.5
uncles day,0,2,0%,59
chocolate covered anything day,0,2,0%,59.5
whens opposite day,0,2,0%,59.5
national greasy food day,0,2,0%,61
lithuanian day,0,2,0%,62
national day of listening,0,2,0%,62.5
what is national hug day,0,2,0%,63.5
is today aunt day,0,2,0%,66
fruitcake toss day,0,2,0%,67.5
dress up your pet day,0,2,0%,69.5
national pastry day,0,2,0%,70
national pumpkin pie day,0,2,0%,72.5
when is national aunt day,0,2,0%,75.5
national hot tea day,0,2,0%,78.5
national pecan pie day,0,2,0%,79
national covered in chocolate day,0,2,0%,81
whipped cream day,0,2,0%,81.5
gummy worm day,0,2,0%,82
girlfriends day,0,2,0%,82.5
when is bird day,0,2,0%,82.5
st nick day,0,2,0%,83
pharmacist day,0,2,0%,84
have a ducky day,0,2,0%,84.5
define name day,0,2,0%,88.5
weird holiday today,0,2,0%,90
when is national uncle day,0,2,0%,92
when is national aunt and uncle day,0,2,0%,93.5
chocolate covered everything day,0,2,0%,94
international joke day 2026,0,2,0%,94
gumdrop day,0,2,0%,95.5
hot tea day,0,2,0%,95.5
pecan pie day,0,2,0%,97
aunt and uncles day,0,2,0%,97.5
inventors day,0,2,0%,98.5
leu day,0,1,0%,2
forthday,0,1,0%,6
trampoline day,0,1,0%,6
выбрать,0,1,0%,7
chip day meaning,0,1,0%,8
i'm not going to take it anymore day,0,1,0%,8
international joke day date,0,1,0%,8
make up your mind day,0,1,0%,8
national organize your home day,0,1,0%,8
no interruptions day,0,1,0%,8
what is barbie and barney backlash day,0,1,0%,8
#nationalootdday latest,0,1,0%,9
national bavarian cream day,0,1,0%,9
what is ding-a-ling day,0,1,0%,9
主なポイント,0,1,0%,9
barbie and barney,0,1,0%,10
barbie barney backlash day,0,1,0%,10
national make cut out snowflakes day,0,1,0%,10
old rock day,0,1,0%,10
peculiar people day,0,1,0%,10
weird national holidays today,0,1,0%,10
when is nothing day,0,1,0%,10
answer the telephone like buddy the elf day december 18,0,1,0%,11
appreciate a dragon day 2026,0,1,0%,11
national make up your mind day,0,1,0%,11
national roof-over-your-head day,0,1,0%,11
when is international ninja day,0,1,0%,11
when is national do nothing day,0,1,0%,11
when is national ninja day,0,1,0%,11
when is ninja day,0,1,0%,11
international talk like a pirate day,0,1,0%,12
life day date,0,1,0%,12
national barney day,0,1,0%,12
national bavarian cream pie day,0,1,0%,12
national crème de menthe day,0,1,0%,12
obsure holidays,0,1,0%,12
square dance day,0,1,0%,12
tell a lie day,0,1,0%,12
when is clam chowder season,0,1,0%,12
when is dragon day,0,1,0%,12
when is muffin day,0,1,0%,12
cookie exchange day,0,1,0%,13
national compliment day january 24,0,1,0%,13
national creme de menthe day,0,1,0%,13
national crocodile day,0,1,0%,13
particularly preposterous packaging day,0,1,0%,13
when is ufo day,0,1,0%,13
american touch tag day,0,1,0%,14
national wear brown shoes day,0,1,0%,14
appreciate a dragon day 2025,0,1,0%,15
dental drill appreciation day,0,1,0%,15
international pig day,0,1,0%,17
jokeday,0,1,0%,18
national cabbage day 2025,0,1,0%,20
national stay home because you're well day,0,1,0%,20
national gingerbread cookie day,0,1,0%,23
national dragon day 2025,0,1,0%,24
creme brulee day,0,1,0%,25
when is national dragon day,0,1,0%,25
when is world ufo day,0,1,0%,25
ditch new year's resolution day,0,1,0%,26
visit your relatives day,0,1,0%,26
weirdos day,0,1,0%,27
national bad poetry day,0,1,0%,28
look for circles day,0,1,0%,29
potato lovers month,0,1,0%,29
girl scout holidays,0,1,0%,30
national pizza with the works day,0,1,0%,30
rum holidays,0,1,0%,30
national ampersand day,0,1,0%,31
national creme brulee day,0,1,0%,31
7-11 holiday,0,1,0%,32
national kite flying day,0,1,0%,35
plush animal lovers day,0,1,0%,35
tempura day,0,1,0%,35
weirdo day,0,1,0%,35
talk like yoda day,0,1,0%,36
when is national corn day,0,1,0%,37
international tongue twister day,0,1,0%,38
national clam chowder day 2025,0,1,0%,38
extra dessert day,0,1,0%,39
moonshine day,0,1,0%,39
cuddle day,0,1,0%,40
when is national m&m day,0,1,0%,40
national procrastination day,0,1,0%,41
periodic table day,0,1,0%,41
national muffin day,0,1,0%,42
national ufo day,0,1,0%,43
national darwin day,0,1,0%,44
when is national compliment day,0,1,0%,44
calendar with weird holidays,0,1,0%,45
when is national salami day,0,1,0%,45
candy cane day,0,1,0%,46
everyday holidays,0,1,0%,46
national corn day,0,1,0%,46
national peach pie day,0,1,0%,46
brownie day,0,1,0%,47
is there a national pig day,0,1,0%,47
national appreciate a dragon day,0,1,0%,47
national greasy foods day,0,1,0%,47
national banana bread day,0,1,0%,48
national chowder day,0,1,0%,48
national floral design day,0,1,0%,48
saint catherines day,0,1,0%,48
uncle aunt day,0,1,0%,48
wikipedia day,0,1,0%,48
national fried scallops day,0,1,0%,49
national write a letter day,0,1,0%,49
supernatural day,0,1,0%,49
national eat a red apple day,0,1,0%,50
pretend to be a time traveller day,0,1,0%,50
absinthe day,0,1,0%,52
christmas carol what day is it,0,1,0%,53
national hog day,0,1,0%,53
national mint chocolate day,0,1,0%,53
presidential joke day,0,1,0%,53
national chocolate mint day,0,1,0%,54
bittersweet chocolate with almonds day,0,1,0%,55
when is national cuddle day,0,1,0%,55
push-button phone day,0,1,0%,56
when is aunts day,0,1,0%,56
auntie day,0,1,0%,57
national salami day,0,1,0%,57
when is national dark chocolate day,0,1,0%,57
ducky day,0,1,0%,58
national m and m day,0,1,0%,58
national techies day,0,1,0%,58
funny holiday today,0,1,0%,59
granola bar day,0,1,0%,59
penguin awareness day,0,1,0%,59
pig day,0,1,0%,59
when is national rubber ducky day,0,1,0%,59
when is national spaghetti day,0,1,0%,59
lithuania day,0,1,0%,60
national rubber ducky day,0,1,0%,60
cuddling day,0,1,0%,61
hawkins day,0,1,0%,61
international aunt day,0,1,0%,61
when is national sibling day,0,1,0%,61
holiday july 11,0,1,0%,62
saint catherine's day,0,1,0%,62
national rubber duck day,0,1,0%,63
what day is national gf day,0,1,0%,63
kid inventors day,0,1,0%,64
mint chocolate day,0,1,0%,64
national bird day,0,1,0%,64
procrastination day,0,1,0%,64
when was sisters day,0,1,0%,64
happy national aunt day,0,1,0%,65
national granola day,0,1,0%,65
international llama day,0,1,0%,66
penguin appreciation day,0,1,0%,66
national chocolate covered day,0,1,0%,67
national hat day,0,1,0%,67
when is national cosmopolitan day,0,1,0%,67
when is national gf day,0,1,0%,67
hug holiday,0,1,0%,68
is it sisters day,0,1,0%,68
national chip day,0,1,0%,68
obscure holidays in november,0,1,0%,68
rubber duckie day,0,1,0%,68
cheeseburger day,0,1,0%,69
greasy food day,0,1,0%,69
national card game day,0,1,0%,69
saint catherine day,0,1,0%,69
when is national camera day,0,1,0%,69
when is national girlfriends day,0,1,0%,69
clam chowder day,0,1,0%,70
when is national candy cane day,0,1,0%,70
darwin date,0,1,0%,71
is today sister day,0,1,0%,72
mint day,0,1,0%,72
national laundry day,0,1,0%,72
rubber day,0,1,0%,72
when is international day of happiness,0,1,0%,72
national brownie day 2025,0,1,0%,73
national girlfriends day countdown,0,1,0%,73
what holiday is july 11,0,1,0%,73
american football day,0,1,0%,74
national nicholas day,0,1,0%,74
national yellow pig day,0,1,0%,74
plush animal lover's day,0,1,0%,74
is today national sister day,0,1,0%,75
national soup day,0,1,0%,75
st catherine day,0,1,0%,75
stupid holiday,0,1,0%,75
fairytale day,0,1,0%,76
national sisters day date,0,1,0%,76
national techie day,0,1,0%,76
when is national pastry day,0,1,0%,76
when is random act of kindness day,0,1,0%,76
is it national sister day today,0,1,0%,77
when is national cheese day,0,1,0%,77
when is the sisters day,0,1,0%,77
make up your own holiday day,0,1,0%,80
national crayon day 2025,0,1,0%,80
seafood bisque day,0,1,0%,80
what crazy holiday is today,0,1,0%,80
darwin days,0,1,0%,81
national girlfriends day,0,1,0%,81
calendar with random holidays,0,1,0%,82
cheese lover day,0,1,0%,82
national chocolate covered anything,0,1,0%,82
national chocolate pudding day,0,1,0%,82
when is national lash day,0,1,0%,82
pumpkin pie day,0,1,0%,83
when is national milk day,0,1,0%,84
when is st nicholas day,0,1,0%,84
national aunt day 2024,0,1,0%,85
wacky holiday today,0,1,0%,85
when is national siblings day,0,1,0%,85
national chips day,0,1,0%,86
national gingerbread house day,0,1,0%,86
what silly national holiday is today,0,1,0%,86
when is national guacamole day,0,1,0%,86
wiki day,0,1,0%,86
national ribs day,0,1,0%,87
odd holidays today,0,1,0%,87
when is oposite day,0,1,0%,87
creative ice cream flavors day,0,1,0%,88
when is chocolate milk day,0,1,0%,88
pharmacy day,0,1,0%,89
today's weird holiday,0,1,0%,89
national chocolate covered pretzel day,0,1,0%,90
national cuddle day,0,1,0%,90
fresh veggies day,0,1,0%,91
most obscure holidays,0,1,0%,91
sweet potato day,0,1,0%,91
national anything covered in chocolate day,0,1,0%,92
national book days,0,1,0%,92
national.aunt day 2025,0,1,0%,92
when is national napping day,0,1,0%,92
pharmacy holidays,0,1,0%,93
national aunt and uncle day 2025,0,1,0%,94
national corn on the cob day 2025,0,1,0%,94
national napping day,0,1,0%,94
random holidays today,0,1,0%,94
st catherine name day,0,1,0%,94
aunt and uncle's day,0,1,0%,95
rain forest day,0,1,0%,95
slay a dragon day,0,1,0%,95
chocolate covered day,0,1,0%,96
eat red apple day,0,1,0%,96
national chocolate covered cashews day,0,1,0%,96
saint catherine name day,0,1,0%,96
when is national potato chip day,0,1,0%,96
wild food day,0,1,0%,96
national chocolate-covered insects day,0,1,0%,97
when is sister's day,0,1,0%,97
national american football day,0,1,0%,98
when is national sushi day,0,1,0%,98
what obscure holiday is today,0,1,0%,99
when is national hat day,0,1,0%,99
day of saint nicholas,0,1,0%,100
when is hat day,0,1,0%,100
when is national drink beer day,0,1,0%,100
when is national sweet tea day,0,1,0%,100
national cookie cutter day,0,1,0%,180